Codice provincia;Codice comune;Denominazione comune;Agricoltura;Industria in senso stretto;Costruzioni;Commercio;Turismo;Altri servizi;Imprese non classificate;Totale imprese
006;001;ACQUI TERME;89;44;29;219;68;210;23;682
006;002;ALBERA LIGURE;10;0;0;0;1;0;0;11
006;003;ALESSANDRIA;223;159;145;677;223;870;102;2399
006;004;ALFIANO NATTA;12;1;1;3;2;4;0;23
006;005;ALICE BEL COLLE;31;1;0;1;0;3;0;36
006;006;ALLUVIONI CAMBIO';12;0;1;6;0;5;1;25
006;007;ALTAVILLA MONFERRATO;12;1;0;2;1;3;1;20
006;008;ALZANO SCRIVIA;5;0;0;1;0;0;0;6
006;009;ARQUATA SCRIVIA;12;9;6;46;17;32;2;124
006;010;AVOLASCA;17;0;0;0;1;0;0;18
006;011;BALZOLA;6;0;0;5;1;9;0;21
006;012;BASALUZZO;22;4;3;16;5;12;1;63
006;013;BASSIGNANA;16;2;2;6;0;7;1;34
006;014;BELFORTE MONFERRATO;0;0;0;3;0;4;1;8
006;015;BERGAMASCO;21;0;0;3;0;4;0;28
006;016;BERZANO DI TORTONA;2;0;0;0;0;1;1;4
006;017;BISTAGNO;43;2;1;12;6;7;3;74
006;018;BORGHETTO DI BORBERA;24;0;1;8;3;9;0;45
006;019;BORGORATTO ALESSANDRINO;5;2;0;3;1;1;0;12
006;020;BORGO SAN MARTINO;12;2;1;5;1;12;2;35
006;021;BOSCO MARENGO;27;5;1;15;6;8;3;65
006;022;BOSIO;12;2;2;7;1;1;0;25
006;023;BOZZOLE;3;2;1;1;1;0;1;9
006;024;BRIGNANO-FRASCATA;21;0;0;2;0;1;0;24
006;025;CABELLA LIGURE;7;0;2;3;3;5;1;21
006;026;CAMAGNA MONFERRATO;7;0;0;2;0;4;0;13
006;027;CAMINO;14;1;0;1;3;5;0;24
006;028;CANTALUPO LIGURE;10;0;1;6;3;1;1;22
006;029;CAPRIATA D'ORBA;47;4;1;12;3;11;1;79
006;030;CARBONARA SCRIVIA;1;3;1;6;2;5;0;18
006;031;CARENTINO;7;0;0;1;1;1;0;10
006;032;CAREZZANO;11;1;0;1;1;1;0;15
006;033;CARPENETO;30;0;1;1;1;2;0;35
006;034;CARREGA LIGURE;3;0;0;0;0;0;1;4
006;035;CARROSIO;4;0;0;5;0;2;0;11
006;036;CARTOSIO;20;1;0;4;4;3;1;33
006;037;CASAL CERMELLI;26;4;3;6;0;1;2;42
006;038;CASALEGGIO BOIRO;11;0;0;2;0;0;1;14
006;039;CASALE MONFERRATO;62;89;38;316;82;389;42;1018
006;040;CASALNOCETO;12;2;1;4;1;6;1;27
006;041;CASASCO;9;0;0;0;0;0;0;9
006;042;CASSANO SPINOLA;8;1;3;13;3;11;3;42
006;043;CASSINE;69;2;1;16;7;20;2;117
006;044;CASSINELLE;20;4;3;3;0;4;0;34
006;045;CASTELLANIA;5;0;0;0;1;0;0;6
006;046;CASTELLAR GUIDOBONO;5;1;0;1;0;0;0;7
006;047;CASTELLAZZO BORMIDA;43;11;4;29;6;21;4;118
006;048;CASTELLETTO D'ERRO;14;0;0;0;0;0;0;14
006;049;CASTELLETTO D'ORBA;14;3;3;8;1;9;1;39
006;050;CASTELLETTO MERLI;7;2;1;2;0;0;0;12
006;051;CASTELLETTO MONFERRATO;5;3;1;9;1;4;2;25
006;052;CASTELNUOVO BORMIDA;32;1;1;4;1;2;0;41
006;053;CASTELNUOVO SCRIVIA;35;8;7;35;10;35;6;136
006;054;CASTELSPINA;18;0;0;5;3;1;1;28
006;055;CAVATORE;19;0;0;0;1;2;0;22
006;056;CELLA MONTE;3;1;0;1;1;1;0;7
006;057;CERESETO;14;5;0;4;2;0;2;27
006;058;CERRETO GRUE;16;0;1;1;0;1;0;19
006;059;CERRINA;14;5;0;10;0;7;0;36
006;060;CONIOLO;1;2;0;2;1;3;0;9
006;061;CONZANO;20;3;0;6;0;3;0;32
006;062;COSTA VESCOVATO;15;0;0;3;0;1;0;19
006;063;CREMOLINO;20;3;2;7;1;4;1;38
006;064;CUCCARO MONFERRATO;9;0;0;2;2;1;1;15
006;065;DENICE;16;0;0;0;1;0;1;18
006;066;DERNICE;12;0;0;1;0;0;0;13
006;067;FABBRICA CURONE;12;0;0;3;9;2;0;26
006;068;FELIZZANO;11;9;1;14;7;11;0;53
006;069;FRACONALTO;4;0;0;1;2;1;0;8
006;070;FRANCAVILLA BISIO;8;0;0;3;1;2;1;15
006;071;FRASCARO;10;0;0;0;0;1;0;11
006;072;FRASSINELLO MONFERRATO;9;2;0;2;0;3;0;16
006;073;FRASSINETO PO;11;1;0;6;1;5;1;25
006;074;FRESONARA;12;1;0;0;3;2;1;19
006;075;FRUGAROLO;25;3;1;9;6;6;0;50
006;076;FUBINE;14;1;2;9;1;8;1;36
006;077;GABIANO;33;3;0;6;3;5;1;51
006;078;GAMALERO;24;0;1;4;0;3;0;32
006;079;GARBAGNA;16;1;1;5;4;3;0;30
006;080;GAVAZZANA;1;1;0;1;0;0;0;3
006;081;GAVI;62;9;1;35;15;23;4;149
006;082;GIAROLE;4;1;0;5;2;6;1;19
006;083;GREMIASCO;13;0;0;1;2;1;0;17
006;084;GROGNARDO;3;0;0;0;0;0;0;3
006;085;GRONDONA;8;0;0;1;0;0;0;9
006;086;GUAZZORA;3;0;0;1;0;1;0;5
006;087;ISOLA SANT'ANTONIO;15;3;1;3;3;2;0;27
006;088;LERMA;16;2;0;5;3;3;1;30
006;089;LU;28;2;1;8;6;11;0;56
006;090;MALVICINO;3;0;0;0;0;1;0;4
006;091;MASIO;34;4;1;6;0;3;0;48
006;092;MELAZZO;27;3;1;2;3;8;0;44
006;093;MERANA;15;1;0;3;0;0;0;19
006;094;MIRABELLO MONFERRATO;6;2;0;5;1;6;2;22
006;095;MOLARE;17;1;4;15;6;9;0;52
006;096;MOLINO DEI TORTI;14;0;0;4;3;2;1;24
006;097;MOMBELLO MONFERRATO;19;2;1;4;2;6;1;35
006;098;MOMPERONE;11;0;1;2;0;0;0;14
006;099;MONCESTINO;1;2;0;1;1;0;1;6
006;100;MONGIARDINO LIGURE;6;0;0;0;0;0;0;6
006;101;MONLEALE;22;2;1;2;2;2;0;31
006;102;MONTACUTO;9;1;0;0;0;0;0;10
006;103;MONTALDEO;4;0;0;1;1;0;0;6
006;104;MONTALDO BORMIDA;14;1;0;2;0;0;0;17
006;105;MONTECASTELLO;1;0;0;0;0;0;0;1
006;106;MONTECHIARO D'ACQUI;32;3;0;6;3;1;1;46
006;107;MONTEGIOCO;13;0;1;3;0;1;1;19
006;108;MONTEMARZINO;25;0;0;0;0;2;0;27
006;109;MORANO SUL PO;5;0;0;9;1;9;1;25
006;110;MORBELLO;15;1;0;1;1;0;0;18
006;111;MORNESE;10;1;1;4;1;3;0;20
006;112;MORSASCO;10;1;2;7;0;2;0;22
006;113;MURISENGO;25;8;0;16;11;11;1;72
006;114;NOVI LIGURE;65;37;28;243;83;240;45;741
006;115;OCCIMIANO;5;7;3;13;4;9;1;42
006;116;ODALENGO GRANDE;12;0;0;1;3;2;0;18
006;117;ODALENGO PICCOLO;3;0;0;0;1;1;0;5
006;118;OLIVOLA;5;1;0;0;1;0;0;7
006;119;ORSARA BORMIDA;12;3;0;2;1;1;0;19
006;120;OTTIGLIO;9;2;2;3;3;1;0;20
006;121;OVADA;45;26;12;134;36;99;20;372
006;122;OVIGLIO;19;4;1;9;2;11;2;48
006;123;OZZANO MONFERRATO;13;5;0;6;4;15;2;45
006;124;PADERNA;5;0;0;0;0;0;0;5
006;125;PARETO;42;0;0;3;2;2;0;49
006;126;PARODI LIGURE;9;2;0;0;0;3;0;14
006;127;PASTURANA;5;1;3;3;0;5;0;17
006;128;PECETTO DI VALENZA;9;3;1;3;2;6;0;24
006;129;PIETRA MARAZZI;2;1;0;4;2;3;0;12
006;130;PIOVERA;5;0;0;5;1;1;1;13
006;131;POMARO MONFERRATO;5;2;1;1;0;3;1;13
006;132;PONTECURONE;13;5;5;24;5;25;8;85
006;133;PONTESTURA;9;6;0;13;2;11;0;41
006;134;PONTI;28;1;0;4;0;2;0;35
006;135;PONZANO MONFERRATO;8;0;1;0;0;1;0;10
006;136;PONZONE;24;1;0;7;4;6;2;44
006;137;POZZOL GROPPO;22;0;0;2;2;0;1;27
006;138;POZZOLO FORMIGARO;32;10;4;21;7;23;2;99
006;139;PRASCO;6;1;1;1;1;1;1;12
006;140;PREDOSA;41;0;3;9;4;12;2;71
006;141;QUARGNENTO;24;4;1;7;3;5;0;44
006;142;QUATTORDIO;15;5;1;11;3;12;3;50
006;143;RICALDONE;27;1;0;4;1;2;1;36
006;144;RIVALTA BORMIDA;49;1;4;7;1;10;1;73
006;145;RIVARONE;2;0;0;2;1;0;0;5
006;146;ROCCAFORTE LIGURE;4;0;0;0;1;1;0;6
006;147;ROCCA GRIMALDA;35;1;3;1;4;2;2;48
006;148;ROCCHETTA LIGURE;2;1;0;1;2;3;0;9
006;149;ROSIGNANO MONFERRATO;18;2;0;5;2;10;0;37
006;150;SALA MONFERRATO;6;0;1;0;1;2;0;10
006;151;SALE;41;10;2;30;10;30;3;126
006;152;SAN CRISTOFORO;9;2;0;3;0;5;0;19
006;153;SAN GIORGIO MONFERRATO;8;1;0;4;2;8;1;24
006;154;SAN SALVATORE MONFERRATO;24;7;5;20;2;18;2;78
006;155;SAN SEBASTIANO CURONE;6;0;0;4;4;5;0;19
006;156;SANT'AGATA FOSSILI;12;1;0;2;1;1;0;17
006;157;SARDIGLIANO;6;1;0;2;0;0;1;10
006;158;SAREZZANO;27;1;0;5;2;3;1;39
006;159;SERRALUNGA DI CREA;9;4;1;8;2;6;0;30
006;160;SERRAVALLE SCRIVIA;12;13;11;38;15;38;4;131
006;161;SEZZADIO;34;3;0;11;3;2;0;53
006;162;SILVANO D'ORBA;10;5;3;14;5;9;5;51
006;163;SOLERO;19;6;1;9;2;7;0;44
006;164;SOLONGHELLO;5;0;0;3;0;1;1;10
006;165;SPIGNO MONFERRATO;49;2;3;7;2;2;1;66
006;166;SPINETO SCRIVIA;3;2;0;0;1;0;0;6
006;167;STAZZANO;11;4;0;5;1;2;2;25
006;168;STREVI;34;4;1;11;4;7;2;63
006;169;TAGLIOLO MONFERRATO;29;6;3;8;2;10;0;58
006;170;TASSAROLO;7;0;0;1;1;1;0;10
006;171;TERRUGGIA;5;2;2;3;1;7;0;20
006;172;TERZO;17;4;2;7;3;5;2;40
006;173;TICINETO;3;0;1;9;1;6;0;20
006;174;TORTONA;76;61;41;229;57;323;39;826
006;175;TREVILLE;3;0;0;1;0;1;0;5
006;176;TRISOBBIO;15;0;0;0;1;2;0;18
006;177;VALENZA;39;171;16;167;51;155;16;615
006;178;VALMACCA;14;0;1;7;1;3;0;26
006;179;VIGNALE MONFERRATO;14;5;0;11;2;8;2;42
006;180;VIGNOLE BORBERA;4;3;3;14;4;9;2;39
006;181;VIGUZZOLO;30;6;6;16;3;21;3;85
006;182;VILLADEATI;5;3;1;0;0;2;1;12
006;183;VILLALVERNIA;3;1;0;5;0;6;0;15
006;184;VILLAMIROGLIO;9;0;1;2;0;2;0;14
006;185;VILLANOVA MONFERRATO;6;3;2;13;4;10;0;38
006;186;VILLAROMAGNANO;6;0;0;1;1;1;0;9
006;187;VISONE;13;2;1;10;0;5;0;31
006;188;VOLPEDO;29;0;0;6;3;6;1;45
006;189;VOLPEGLINO;4;0;0;0;1;0;0;5
006;190;VOLTAGGIO;10;3;0;2;3;7;2;27
005;001;AGLIANO TERME;55;2;0;12;4;8;0;81
005;002;ALBUGNANO;8;0;0;4;2;1;0;15
005;003;ANTIGNANO;10;0;2;4;0;2;1;19
005;004;ARAMENGO;12;0;0;4;0;1;2;19
005;005;ASTI;214;119;76;577;172;654;104;1916
005;006;AZZANO D'ASTI;6;0;0;1;0;2;0;9
005;007;BALDICHIERI D'ASTI;8;4;0;8;3;15;0;38
005;008;BELVEGLIO;4;0;0;4;0;1;0;9
005;009;BERZANO DI SAN PIETRO;5;0;0;0;1;2;1;9
005;010;BRUNO;10;1;0;1;1;0;0;13
005;011;BUBBIO;45;1;0;9;2;7;0;64
005;012;BUTTIGLIERA D'ASTI;14;2;1;9;3;9;2;40
005;013;CALAMANDRANA;34;6;1;13;4;9;0;67
005;014;CALLIANO;16;3;1;4;4;4;1;33
005;015;CALOSSO;49;2;1;6;2;5;1;66
005;016;CAMERANO CASASCO;5;1;1;1;0;1;0;9
005;017;CANELLI;82;23;12;65;16;99;9;306
005;018;CANTARANA;5;4;3;3;1;2;2;20
005;019;CAPRIGLIO;2;0;0;3;0;0;0;5
005;020;CASORZO;6;0;0;4;0;1;0;11
005;021;CASSINASCO;22;2;0;1;1;0;0;26
005;022;CASTAGNOLE DELLE LANZE;65;2;3;33;9;22;2;136
005;023;CASTAGNOLE MONFERRATO;8;2;1;8;1;7;2;29
005;024;CASTEL BOGLIONE;38;0;1;5;3;1;0;48
005;025;CASTELL'ALFERO;19;5;1;19;3;20;2;69
005;026;CASTELLERO;9;1;0;0;0;1;0;11
005;027;CASTELLETTO MOLINA;9;0;2;1;0;0;0;12
005;028;CASTELLO DI ANNONE;20;2;1;9;10;7;2;51
005;029;CASTELNUOVO BELBO;19;0;0;9;2;2;1;33
005;030;CASTELNUOVO CALCEA;23;0;0;4;3;3;1;34
005;031;CASTELNUOVO DON BOSCO;48;6;2;23;6;20;2;107
005;032;CASTEL ROCCHERO;27;0;1;1;1;1;0;31
005;033;CELLARENGO;9;2;1;2;2;2;0;18
005;034;CELLE ENOMONDO;10;1;0;0;0;1;0;12
005;035;CERRETO D'ASTI;2;0;0;1;0;1;0;4
005;036;CERRO TANARO;4;0;0;4;0;4;0;12
005;037;CESSOLE;31;0;0;3;1;1;0;36
005;038;CHIUSANO D'ASTI;1;3;0;1;1;3;0;9
005;039;CINAGLIO;3;2;0;3;0;0;0;8
005;040;CISTERNA D'ASTI;22;2;0;13;1;4;1;43
005;041;COAZZOLO;14;0;0;0;1;1;0;16
005;042;COCCONATO;14;2;1;9;2;4;3;35
005;044;CORSIONE;3;0;1;0;0;0;1;5
005;045;CORTANDONE;4;1;0;2;0;1;0;8
005;046;CORTANZE;0;0;0;0;1;2;1;4
005;047;CORTAZZONE;11;0;0;5;1;3;1;21
005;048;CORTIGLIONE;13;2;2;2;2;1;0;22
005;049;COSSOMBRATO;6;0;0;1;0;0;0;7
005;050;COSTIGLIOLE D'ASTI;101;9;5;41;13;25;4;198
005;051;CUNICO;6;0;0;1;0;2;0;9
005;052;DUSINO SAN MICHELE;13;4;0;5;4;4;0;30
005;053;FERRERE;29;6;0;12;2;7;1;57
005;054;FONTANILE;12;0;0;3;1;2;0;18
005;055;FRINCO;3;1;0;0;2;1;0;7
005;056;GRANA;3;0;1;4;2;6;0;16
005;057;GRAZZANO BADOGLIO;9;1;0;3;2;2;1;18
005;058;INCISA SCAPACCINO;32;3;2;11;2;11;0;61
005;059;ISOLA D'ASTI;21;3;1;16;2;11;0;54
005;060;LOAZZOLO;29;0;0;1;0;0;0;30
005;061;MARANZANA;13;0;0;1;0;2;1;17
005;062;MARETTO;6;1;1;1;2;0;1;12
005;063;MOASCA;17;0;2;2;1;2;0;24
005;064;MOMBALDONE;12;0;0;2;0;0;0;14
005;065;MOMBARUZZO;39;2;1;6;2;2;0;52
005;066;MOMBERCELLI;37;3;1;10;2;11;1;65
005;067;MONALE;11;3;1;4;1;4;1;25
005;068;MONASTERO BORMIDA;45;0;1;9;3;4;0;62
005;069;MONCALVO;17;7;2;25;10;23;4;88
005;070;MONCUCCO TORINESE;25;0;1;4;1;2;1;34
005;071;MONGARDINO;11;1;0;3;0;1;1;17
005;072;MONTABONE;12;0;0;1;2;1;0;16
005;073;MONTAFIA;14;3;1;4;5;4;0;31
005;074;MONTALDO SCARAMPI;9;0;1;1;0;1;1;13
005;075;MONTECHIARO D'ASTI;9;4;0;16;4;13;1;47
005;076;MONTEGROSSO D'ASTI;49;6;3;11;2;12;2;85
005;077;MONTEMAGNO;4;0;1;8;1;3;0;17
005;079;MORANSENGO;5;0;0;0;1;0;0;6
005;080;NIZZA MONFERRATO;86;18;9;101;23;91;19;347
005;081;OLMO GENTILE;6;0;0;0;1;0;0;7
005;082;PASSERANO MARMORITO;1;0;0;2;1;2;0;6
005;083;PENANGO;17;2;1;2;1;4;0;27
005;084;PIEA;7;0;1;1;0;2;0;11
005;085;PINO D'ASTI;6;0;0;0;0;1;0;7
005;086;PIOVA' MASSAIA;7;0;1;4;1;2;0;15
005;087;PORTACOMARO;8;2;1;4;2;5;1;23
005;088;QUARANTI;8;1;0;0;0;1;0;10
005;089;REFRANCORE;9;1;2;6;5;8;1;32
005;090;REVIGLIASCO D'ASTI;30;1;1;1;2;0;1;36
005;091;ROATTO;12;0;0;3;1;0;0;16
005;092;ROBELLA;13;2;1;4;1;3;0;24
005;093;ROCCA D'ARAZZO;10;1;0;5;0;1;2;19
005;094;ROCCAVERANO;45;0;0;0;0;2;0;47
005;095;ROCCHETTA PALAFEA;18;1;0;1;0;0;0;20
005;096;ROCCHETTA TANARO;16;7;1;12;4;11;2;53
005;097;SAN DAMIANO D'ASTI;88;9;9;63;13;52;5;239
005;098;SAN GIORGIO SCARAMPI;13;0;0;0;0;0;0;13
005;099;SAN MARTINO ALFIERI;14;0;0;3;2;2;0;21
005;100;SAN MARZANO OLIVETO;37;0;1;4;2;5;0;49
005;101;SAN PAOLO SOLBRITO;14;2;0;3;0;4;0;23
005;103;SCURZOLENGO;9;0;1;7;0;2;0;19
005;104;SEROLE;12;0;0;0;1;0;0;13
005;105;SESSAME;17;0;0;1;0;0;0;18
005;106;SETTIME;9;1;1;6;2;5;1;25
005;107;SOGLIO;5;0;0;3;0;0;0;8
005;108;TIGLIOLE;24;1;2;9;3;7;0;46
005;109;TONCO;5;2;0;3;0;1;1;12
005;110;TONENGO;2;1;0;1;1;0;0;5
005;111;VAGLIO SERRA;8;1;0;3;0;0;0;12
005;112;VALFENERA;24;3;1;9;3;12;1;53
005;113;VESIME;39;1;1;3;0;7;1;52
005;114;VIALE;2;1;0;1;0;3;0;7
005;115;VIARIGI;25;1;0;5;2;3;0;36
005;116;VIGLIANO D'ASTI;16;3;1;1;1;0;1;23
005;117;VILLAFRANCA D'ASTI;25;7;4;15;3;22;3;79
005;118;VILLANOVA D'ASTI;32;5;5;36;12;36;4;130
005;119;VILLA SAN SECONDO;2;0;0;3;0;3;0;8
005;120;VINCHIO;33;1;0;3;2;2;0;41
005;121;MONTIGLIO MONFERRATO;33;3;0;6;3;9;2;56
096;001;AILOCHE;0;0;0;1;0;1;0;2
096;002;ANDORNO MICCA;4;11;0;19;7;19;1;61
096;003;BENNA;0;4;0;6;1;8;1;20
096;004;BIELLA;13;113;54;484;133;875;113;1785
096;005;BIOGLIO;2;2;1;2;1;4;0;12
096;006;BORRIANA;4;1;1;2;0;4;0;12
096;007;BRUSNENGO;2;12;1;13;5;14;1;48
096;008;CALLABIANA;0;0;0;0;2;0;0;2
096;009;CAMANDONA;2;1;0;0;1;0;0;4
096;010;CAMBURZANO;3;5;0;9;2;5;0;24
096;011;CAMPIGLIA CERVO;0;1;0;1;1;1;0;4
096;012;CANDELO;10;20;6;30;6;40;5;117
096;013;CAPRILE;4;0;0;1;1;0;0;6
096;014;CASAPINTA;0;3;0;1;0;3;0;7
096;015;CASTELLETTO CERVO;3;2;1;3;0;4;1;14
096;016;CAVAGLIA';32;7;1;25;10;23;3;101
096;017;CERRETO CASTELLO;1;4;1;7;2;4;0;19
096;018;CERRIONE;20;5;2;15;3;18;5;68
096;019;COGGIOLA;2;4;2;13;4;10;0;35
096;020;COSSATO;14;53;11;95;27;121;11;332
096;021;CREVACUORE;1;11;2;11;7;10;2;44
096;022;CROSA;0;1;0;2;0;3;0;6
096;023;CURINO;3;2;0;3;1;0;0;9
096;024;DONATO;13;0;0;4;5;3;1;26
096;025;DORZANO;5;3;2;4;0;3;0;17
096;026;GAGLIANICO;0;18;6;28;10;34;6;102
096;027;GIFFLENGA;0;1;1;1;1;1;1;6
096;028;GRAGLIA;9;1;0;7;3;1;1;22
096;029;LESSONA;4;10;0;6;1;11;3;35
096;030;MAGNANO;4;0;0;0;1;1;0;6
096;031;MASSAZZA;4;1;0;2;2;5;1;15
096;032;MASSERANO;4;5;3;16;9;13;5;55
096;033;MEZZANA MORTIGLIENGO;0;2;0;3;0;2;1;8
096;034;MIAGLIANO;0;0;0;2;1;3;0;6
096;035;MONGRANDO;7;10;0;20;7;13;2;59
096;037;MOTTALCIATA;9;4;2;3;4;7;2;31
096;038;MUZZANO;5;1;0;6;0;2;2;16
096;039;NETRO;13;1;0;4;4;6;2;30
096;040;OCCHIEPPO INFERIORE;4;12;5;18;6;33;2;80
096;041;OCCHIEPPO SUPERIORE;7;5;0;9;1;18;3;43
096;042;PETTINENGO;1;2;0;2;0;6;1;12
096;043;PIATTO;1;3;1;3;1;4;1;14
096;044;PIEDICAVALLO;0;0;0;2;0;0;0;2
096;046;POLLONE;9;1;2;8;7;16;2;45
096;047;PONDERANO;3;9;2;22;5;27;4;72
096;048;PORTULA;2;0;0;2;1;2;0;7
096;049;PRALUNGO;4;3;1;14;3;11;1;37
096;050;PRAY;1;10;2;13;5;15;1;47
096;051;QUAREGNA;2;6;1;7;2;19;1;38
096;052;QUITTENGO;0;0;0;1;0;1;0;2
096;053;RONCO BIELLESE;2;4;0;4;2;9;1;22
096;054;ROPPOLO;14;1;0;5;1;3;1;25
096;055;ROSAZZA;0;0;0;2;1;1;0;4
096;056;SAGLIANO MICCA;0;4;1;9;5;10;1;30
096;057;SALA BIELLESE;1;2;0;3;2;2;0;10
096;058;SALUSSOLA;26;5;2;13;6;9;2;63
096;059;SANDIGLIANO;4;27;2;20;5;20;1;79
096;060;SAN PAOLO CERVO;0;0;0;1;1;1;0;3
096;061;SELVE MARCONE;0;0;0;2;0;0;0;2
096;062;SOPRANA;1;2;0;0;0;4;0;7
096;063;SORDEVOLO;7;3;0;10;3;5;0;28
096;064;SOSTEGNO;5;3;0;2;0;2;0;12
096;065;STRONA;1;6;1;2;1;2;2;15
096;066;TAVIGLIANO;2;1;0;2;2;2;0;9
096;067;TERNENGO;3;0;0;1;1;1;0;6
096;068;TOLLEGNO;0;5;1;6;2;13;1;28
096;069;TORRAZZO;2;0;0;2;1;1;0;6
096;070;TRIVERO;4;14;5;31;9;33;6;102
096;071;VALDENGO;3;11;0;13;4;20;1;52
096;073;VALLE MOSSO;0;13;4;20;11;27;2;77
096;074;VALLE SAN NICOLAO;1;1;1;5;1;3;0;12
096;075;VEGLIO;1;1;0;3;0;3;2;10
096;076;VERRONE;2;5;0;9;1;8;1;26
096;077;VIGLIANO BIELLESE;5;25;2;39;22;74;11;178
096;078;VILLA DEL BOSCO;3;1;0;0;0;1;0;5
096;079;VILLANOVA BIELLESE;2;2;0;2;0;0;0;6
096;080;VIVERONE;16;3;1;12;10;19;2;63
096;081;ZIMONE;8;1;0;2;0;3;0;14
096;082;ZUBIENA;5;1;1;2;4;6;4;23
096;083;ZUMAGLIA;1;2;0;4;1;1;0;9
096;084;MOSSO;0;2;0;2;3;9;0;16
004;001;ACCEGLIO;6;0;0;1;6;1;0;14
004;002;AISONE;12;0;0;1;1;0;0;14
004;003;ALBA;108;46;28;226;65;448;30;951
004;004;ALBARETTO DELLA TORRE;10;0;0;1;1;3;0;15
004;005;ALTO;2;0;0;0;1;0;0;3
004;006;ARGENTERA;0;0;0;3;2;0;1;6
004;007;ARGUELLO;6;0;0;1;1;0;0;8
004;008;BAGNASCO;14;1;2;6;3;4;0;30
004;009;BAGNOLO PIEMONTE;128;17;5;37;8;31;3;229
004;010;BALDISSERO D'ALBA;22;0;3;4;2;7;1;39
004;011;BARBARESCO;20;0;0;3;8;4;1;36
004;012;BARGE;178;16;7;42;16;46;3;308
004;013;BAROLO;13;2;1;4;4;3;2;29
004;014;BASTIA MONDOVI';15;0;0;2;2;1;0;20
004;015;BATTIFOLLO;15;1;0;1;1;0;0;18
004;016;BEINETTE;17;6;1;29;8;17;5;83
004;017;BELLINO;7;0;0;1;0;0;0;8
004;018;BELVEDERE LANGHE;9;3;0;0;1;2;0;15
004;019;BENE VAGIENNA;50;3;1;25;6;26;5;116
004;020;BENEVELLO;8;1;0;1;0;1;0;11
004;021;BERGOLO;4;0;0;1;0;0;0;5
004;022;BERNEZZO;72;7;1;19;5;26;1;131
004;023;BONVICINO;10;3;0;0;1;1;2;17
004;024;BORGOMALE;23;0;0;0;1;2;0;26
004;025;BORGO SAN DALMAZZO;30;24;15;82;23;87;7;268
004;026;BOSIA;6;1;1;1;0;1;0;10
004;027;BOSSOLASCO;10;0;0;4;1;4;1;20
004;028;BOVES;119;15;6;49;13;54;3;259
004;029;BRA;50;59;32;196;45;229;16;627
004;030;BRIAGLIA;7;0;0;0;1;1;0;9
004;031;BRIGA ALTA;0;0;0;0;2;0;1;3
004;032;BRONDELLO;12;0;1;1;0;0;0;14
004;033;BROSSASCO;20;1;0;5;3;5;1;35
004;034;BUSCA;158;20;7;73;17;64;2;341
004;035;CAMERANA;40;1;0;1;1;4;1;48
004;036;CAMO;15;1;0;0;0;0;1;17
004;037;CANALE;23;11;5;44;10;40;1;134
004;038;CANOSIO;2;0;0;0;2;0;0;4
004;039;CAPRAUNA;5;0;0;1;0;0;0;6
004;040;CARAGLIO;106;11;5;44;13;42;7;228
004;041;CARAMAGNA PIEMONTE;18;12;2;24;6;24;0;86
004;042;CARDE';17;2;2;10;0;4;2;37
004;043;CARRU';34;11;5;50;7;27;1;135
004;044;CARTIGNANO;10;0;0;1;2;0;0;13
004;045;CASALGRASSO;17;5;3;9;1;15;2;52
004;046;CASTAGNITO;18;4;2;12;5;14;3;58
004;047;CASTELDELFINO;5;0;0;1;0;3;0;9
004;048;CASTELLAR;10;0;1;1;2;3;0;17
004;049;CASTELLETTO STURA;26;3;2;6;2;6;0;45
004;050;CASTELLETTO UZZONE;12;2;0;1;0;0;0;15
004;051;CASTELLINALDO;20;2;0;4;4;7;0;37
004;052;CASTELLINO TANARO;13;0;1;0;1;2;1;18
004;053;CASTELMAGNO;3;0;0;0;2;0;0;5
004;054;CASTELNUOVO DI CEVA;5;0;0;0;1;0;0;6
004;055;CASTIGLIONE FALLETTO;11;1;0;4;6;5;0;27
004;056;CASTIGLIONE TINELLA;32;0;0;5;1;3;1;42
004;057;CASTINO;17;1;0;4;1;1;1;25
004;058;CAVALLERLEONE;6;1;0;4;0;4;0;15
004;059;CAVALLERMAGGIORE;43;7;4;23;8;21;4;110
004;060;CELLE DI MACRA;4;0;0;1;1;1;0;7
004;061;CENTALLO;65;8;10;34;10;46;5;178
004;062;CERESOLE D'ALBA;26;2;2;11;2;12;0;55
004;063;CERRETTO LANGHE;16;1;0;0;3;1;0;21
004;064;CERVASCA;70;3;2;17;4;16;1;113
004;065;CERVERE;22;0;2;18;5;11;1;59
004;066;CEVA;46;12;12;53;13;54;4;194
004;067;CHERASCO;70;17;14;58;17;54;7;237
004;068;CHIUSA DI PESIO;59;2;3;18;8;21;2;113
004;069;CIGLIE';13;0;0;1;0;1;0;15
004;070;CISSONE;5;0;0;1;2;0;0;8
004;071;CLAVESANA;29;0;0;4;2;3;1;39
004;072;CORNELIANO D'ALBA;7;5;0;14;3;7;0;36
004;073;CORTEMILIA;44;6;2;28;4;24;1;109
004;074;COSSANO BELBO;54;2;0;5;3;4;2;70
004;075;COSTIGLIOLE SALUZZO;45;8;3;22;8;17;2;105
004;076;CRAVANZANA;26;1;0;1;0;2;0;30
004;077;CRISSOLO;6;0;0;2;4;2;0;14
004;078;CUNEO;275;61;37;334;104;554;51;1416
004;079;DEMONTE;41;1;2;5;8;8;2;67
004;080;DIANO D'ALBA;45;7;5;14;6;16;3;96
004;081;DOGLIANI;75;15;3;36;8;32;2;171
004;082;DRONERO;66;18;4;44;12;39;3;186
004;083;ELVA;8;0;0;0;1;0;0;9
004;084;ENTRACQUE;7;2;0;7;7;5;0;28
004;085;ENVIE;90;4;2;14;1;6;0;117
004;086;FARIGLIANO;40;8;3;13;3;11;2;80
004;087;FAULE;6;1;1;2;1;1;0;12
004;088;FEISOGLIO;25;0;0;4;1;2;0;32
004;089;FOSSANO;148;36;21;159;33;183;8;588
004;090;FRABOSA SOPRANA;16;1;1;5;6;5;1;35
004;091;FRABOSA SOTTANA;11;1;2;16;18;13;4;65
004;092;FRASSINO;6;0;0;1;2;1;0;10
004;093;GAIOLA;13;0;0;6;3;3;0;25
004;094;GAMBASCA;6;0;0;1;2;2;0;11
004;095;GARESSIO;38;4;6;35;12;14;5;114
004;096;GENOLA;18;2;3;19;3;20;0;65
004;097;GORZEGNO;22;2;0;2;0;1;0;27
004;098;GOTTASECCA;13;0;0;1;0;0;0;14
004;099;GOVONE;39;0;0;9;4;13;1;66
004;100;GRINZANE CAVOUR;15;3;1;10;7;14;0;50
004;101;GUARENE;34;6;5;16;6;27;2;96
004;102;IGLIANO;3;0;0;0;0;0;1;4
004;103;ISASCA;13;0;0;0;1;0;0;14
004;104;LAGNASCO;20;0;2;8;1;9;0;40
004;105;LA MORRA;87;3;3;8;11;12;5;129
004;106;LEQUIO BERRIA;19;0;0;3;2;3;0;27
004;107;LEQUIO TANARO;8;1;1;2;2;3;0;17
004;108;LESEGNO;12;1;0;1;6;3;0;23
004;109;LEVICE;23;0;0;1;4;0;0;28
004;110;LIMONE PIEMONTE;2;2;1;21;14;30;3;73
004;111;LISIO;15;0;0;3;0;0;0;18
004;112;MACRA;1;0;0;0;0;0;0;1
004;113;MAGLIANO ALFIERI;21;3;1;6;1;9;0;41
004;114;MAGLIANO ALPI;28;8;2;14;5;18;0;75
004;115;MANGO;48;0;1;5;3;5;1;63
004;116;MANTA;25;12;4;16;6;15;3;81
004;117;MARENE;16;11;5;20;0;20;0;72
004;118;MARGARITA;24;1;1;10;3;7;0;46
004;119;MARMORA;4;0;0;0;1;0;0;5
004;120;MARSAGLIA;23;0;0;0;1;0;1;25
004;121;MARTINIANA PO;34;2;3;5;0;2;0;46
004;122;MELLE;14;0;0;5;1;0;0;20
004;123;MOIOLA;10;1;1;3;1;0;0;16
004;124;MOMBARCARO;18;1;0;1;1;1;0;22
004;125;MOMBASIGLIO;24;0;1;5;1;1;1;33
004;126;MONASTERO DI VASCO;31;1;0;5;3;1;0;41
004;127;MONASTEROLO CASOTTO;7;0;1;1;0;0;0;9
004;128;MONASTEROLO DI SAVIGLIANO;16;3;3;9;1;7;1;40
004;129;MONCHIERO;12;1;0;3;1;4;0;21
004;130;MONDOVI';107;44;26;158;40;186;24;585
004;131;MONESIGLIO;19;3;0;4;2;4;0;32
004;132;MONFORTE D'ALBA;51;4;2;10;7;12;0;86
004;133;MONTA';56;15;9;28;5;25;5;143
004;134;MONTALDO DI MONDOVI';18;1;2;4;1;5;3;34
004;135;MONTALDO ROERO;17;1;1;3;4;7;0;33
004;136;MONTANERA;4;0;0;0;0;3;0;7
004;137;MONTELUPO ALBESE;10;0;0;2;2;2;0;16
004;138;MONTEMALE DI CUNEO;8;0;1;1;0;0;0;10
004;139;MONTEROSSO GRANA;12;0;0;2;2;1;2;19
004;140;MONTEU ROERO;52;2;0;7;1;10;0;72
004;141;MONTEZEMOLO;5;1;1;1;0;2;2;12
004;142;MONTICELLO D'ALBA;25;4;1;18;2;12;0;62
004;143;MORETTA;20;7;2;30;6;31;1;97
004;144;MOROZZO;31;3;2;5;2;13;2;58
004;145;MURAZZANO;29;2;0;7;3;4;0;45
004;146;MURELLO;9;2;0;6;2;3;0;22
004;147;NARZOLE;41;21;5;20;8;18;3;116
004;148;NEIVE;63;10;5;15;8;12;2;115
004;149;NEVIGLIE;23;1;0;1;2;1;0;28
004;150;NIELLA BELBO;14;0;0;6;0;0;0;20
004;151;NIELLA TANARO;6;2;0;6;3;10;0;27
004;152;NOVELLO;33;2;1;4;5;5;0;50
004;153;NUCETTO;4;0;0;0;2;3;0;9
004;154;ONCINO;5;0;0;0;1;0;0;6
004;155;ORMEA;23;4;1;17;15;7;0;67
004;156;OSTANA;0;0;0;0;1;2;0;3
004;157;PAESANA;68;3;4;24;8;20;0;127
004;158;PAGNO;22;0;0;2;4;4;0;32
004;159;PAMPARATO;20;0;0;1;4;0;1;26
004;160;PAROLDO;17;0;1;1;1;0;0;20
004;161;PERLETTO;15;0;0;0;1;0;0;16
004;162;PERLO;4;0;1;0;1;0;0;6
004;163;PEVERAGNO;116;10;4;30;6;34;4;204
004;164;PEZZOLO VALLE UZZONE;22;0;0;2;1;0;0;25
004;165;PIANFEI;11;6;3;11;1;5;3;40
004;166;PIASCO;38;2;4;17;2;15;2;80
004;167;PIETRAPORZIO;0;0;0;2;0;1;0;3
004;168;PIOBESI D'ALBA;7;5;3;6;3;12;0;36
004;169;PIOZZO;16;2;1;7;1;3;0;30
004;170;POCAPAGLIA;44;4;0;12;6;15;0;81
004;171;POLONGHERA;19;4;2;8;1;9;1;44
004;172;PONTECHIANALE;7;0;2;2;7;2;1;21
004;173;PRADLEVES;5;0;0;3;3;0;0;11
004;174;PRAZZO;13;0;0;1;4;0;0;18
004;175;PRIERO;14;0;0;2;2;2;0;20
004;176;PRIOCCA;33;0;7;12;0;13;0;65
004;177;PRIOLA;22;3;1;3;2;1;0;32
004;178;PRUNETTO;31;0;0;1;3;1;0;36
004;179;RACCONIGI;33;18;6;57;14;48;4;180
004;180;REVELLO;75;9;3;24;6;40;6;163
004;181;RIFREDDO;37;4;1;5;1;3;0;51
004;182;RITTANA;5;0;0;0;0;0;0;5
004;183;ROASCHIA;2;0;0;0;0;0;0;2
004;184;ROASCIO;8;0;0;0;1;0;1;10
004;185;ROBILANTE;40;1;0;7;6;12;3;69
004;186;ROBURENT;5;2;1;7;9;5;2;31
004;187;ROCCABRUNA;30;6;0;10;6;8;0;60
004;188;ROCCA CIGLIE';11;0;0;0;0;0;0;11
004;189;ROCCA DE' BALDI;27;0;1;4;1;6;0;39
004;190;ROCCAFORTE MONDOVI';31;1;0;13;11;13;0;69
004;191;ROCCASPARVERA;31;0;1;1;2;0;1;36
004;192;ROCCAVIONE;19;2;1;9;6;13;0;50
004;193;ROCCHETTA BELBO;4;0;0;1;1;1;0;7
004;194;RODDI;22;4;0;5;4;6;1;42
004;195;RODDINO;11;0;0;1;2;0;0;14
004;196;RODELLO;14;0;0;1;1;10;1;27
004;197;ROSSANA;17;1;0;4;1;4;2;29
004;198;RUFFIA;5;0;1;3;0;0;0;9
004;199;SALE DELLE LANGHE;10;1;0;4;0;1;0;16
004;200;SALE SAN GIOVANNI;6;0;0;0;0;1;0;7
004;201;SALICETO;46;1;0;8;5;7;1;68
004;202;SALMOUR;7;1;1;5;0;6;0;20
004;203;SALUZZO;110;27;23;175;40;188;17;580
004;204;SAMBUCO;4;0;0;1;0;0;0;5
004;205;SAMPEYRE;28;2;0;11;5;8;2;56
004;206;SAN BENEDETTO BELBO;6;1;0;1;0;0;0;8
004;207;SAN DAMIANO MACRA;10;2;0;3;2;0;0;17
004;208;SANFRE';18;4;1;14;3;9;0;49
004;209;SANFRONT;93;1;3;17;5;15;0;134
004;210;SAN MICHELE MONDOVI';20;3;1;12;6;14;1;57
004;211;SANT'ALBANO STURA;25;2;2;16;4;12;0;61
004;212;SANTA VITTORIA D'ALBA;27;4;1;14;3;16;1;66
004;213;SANTO STEFANO BELBO;104;3;2;34;8;31;5;187
004;214;SANTO STEFANO ROERO;34;1;0;2;1;3;1;42
004;215;SAVIGLIANO;88;23;19;145;25;149;7;456
004;216;SCAGNELLO;14;1;0;1;0;0;0;16
004;217;SCARNAFIGI;24;1;0;10;3;12;1;51
004;218;SERRALUNGA D'ALBA;18;5;0;1;2;0;0;26
004;219;SERRAVALLE LANGHE;12;0;0;0;2;1;0;15
004;220;SINIO;20;0;0;2;2;0;0;24
004;221;SOMANO;23;0;0;1;1;1;0;26
004;222;SOMMARIVA DEL BOSCO;26;11;5;37;4;38;2;123
004;223;SOMMARIVA PERNO;45;4;1;18;5;17;1;91
004;224;STROPPO;2;0;0;1;4;0;0;7
004;225;TARANTASCA;48;2;2;15;2;13;1;83
004;226;TORRE BORMIDA;11;0;0;1;1;1;0;14
004;227;TORRE MONDOVI';5;0;0;4;1;1;0;11
004;228;TORRE SAN GIORGIO;13;4;4;10;1;6;1;39
004;229;TORRESINA;4;0;0;0;0;0;0;4
004;230;TREISO;36;1;2;2;5;3;0;49
004;231;TREZZO TINELLA;13;0;0;0;3;0;0;16
004;232;TRINITA';24;5;1;7;3;11;4;55
004;233;VALDIERI;12;0;1;4;7;4;1;29
004;234;VALGRANA;35;1;0;2;3;2;0;43
004;235;VALLORIATE;4;0;0;0;0;0;0;4
004;236;VALMALA;1;0;0;0;3;0;0;4
004;237;VENASCA;26;2;1;19;4;8;2;62
004;238;VERDUNO;14;0;0;1;2;4;0;21
004;239;VERNANTE;10;3;0;11;8;7;0;39
004;240;VERZUOLO;88;9;3;39;7;40;1;187
004;241;VEZZA D'ALBA;24;2;0;5;3;5;0;39
004;242;VICOFORTE;36;4;1;9;7;20;1;78
004;243;VIGNOLO;19;2;1;9;1;9;0;41
004;244;VILLAFALLETTO;49;4;1;10;4;21;2;91
004;245;VILLANOVA MONDOVI';24;10;7;36;10;31;1;119
004;246;VILLANOVA SOLARO;13;0;1;5;2;3;0;24
004;247;VILLAR SAN COSTANZO;40;2;0;9;5;6;2;64
004;248;VINADIO;6;0;2;5;5;3;0;21
004;249;VIOLA;18;1;0;4;5;4;2;34
004;250;VOTTIGNASCO;12;2;1;3;1;3;0;22
003;001;AGRATE CONTURBIA;5;1;1;3;3;8;0;21
003;002;AMENO;5;1;0;1;4;2;1;14
003;006;ARMENO;14;7;0;8;3;8;0;40
003;008;ARONA;7;13;23;132;50;157;18;400
003;012;BARENGO;10;0;0;3;1;4;0;18
003;016;BELLINZAGO NOVARESE;5;16;4;42;11;57;8;143
003;018;BIANDRATE;3;2;0;9;1;7;3;25
003;019;BOCA;1;3;1;9;2;4;1;21
003;021;BOGOGNO;3;3;2;5;4;7;0;24
003;022;BOLZANO NOVARESE;0;3;1;2;0;5;0;11
003;023;BORGOLAVEZZARO;1;6;3;9;4;9;0;32
003;024;BORGOMANERO;14;55;17;170;40;202;19;517
003;025;BORGO TICINO;10;12;6;22;10;28;1;89
003;026;BRIGA NOVARESE;4;12;1;13;3;13;0;46
003;027;BRIONA;8;1;0;6;1;5;1;22
003;030;CALTIGNAGA;2;7;1;11;8;10;1;40
003;032;CAMERI;11;20;7;59;15;54;5;171
003;036;CARPIGNANO SESIA;5;10;4;32;4;22;3;80
003;037;CASALBELTRAME;3;1;1;5;2;3;0;15
003;039;CASALEGGIO NOVARA;3;1;1;6;2;5;0;18
003;040;CASALINO;9;3;1;7;2;6;2;30
003;041;CASALVOLONE;1;2;3;3;2;5;0;16
003;042;CASTELLAZZO NOVARESE;0;1;0;1;0;2;0;4
003;043;CASTELLETTO SOPRA TICINO;10;22;12;66;17;80;12;219
003;044;CAVAGLIETTO;3;2;0;2;0;0;0;7
003;045;CAVAGLIO D'AGOGNA;0;6;1;6;1;10;1;25
003;047;CAVALLIRIO;2;7;2;6;1;5;1;24
003;049;CERANO;5;20;9;28;9;36;3;110
003;051;COLAZZA;0;0;0;2;6;3;0;11
003;052;COMIGNAGO;1;0;0;2;2;8;4;17
003;055;CRESSA;5;8;0;9;0;7;0;29
003;058;CUREGGIO;2;6;2;8;2;17;3;40
003;060;DIVIGNANO;3;0;3;5;1;10;0;22
003;062;DORMELLETTO;4;13;5;18;11;19;6;76
003;065;FARA NOVARESE;9;3;3;15;3;8;1;42
003;066;FONTANETO D'AGOGNA;5;8;3;12;3;12;1;44
003;068;GALLIATE;13;46;16;87;41;88;18;309
003;069;GARBAGNA NOVARESE;2;0;1;4;3;9;2;21
003;070;GARGALLO;0;11;0;7;2;6;0;26
003;071;GATTICO;5;17;4;19;4;19;2;70
003;073;GHEMME;9;8;5;23;4;23;3;75
003;076;GOZZANO;4;30;5;32;11;48;6;136
003;077;GRANOZZO CON MONTICELLO;4;2;1;3;1;7;0;18
003;079;GRIGNASCO;5;12;5;27;10;36;5;100
003;082;INVORIO;9;9;4;22;7;23;1;75
003;083;LANDIONA;2;0;1;4;2;1;0;10
003;084;LESA;1;4;2;10;9;19;3;48
003;088;MAGGIORA;6;9;0;15;1;13;0;44
003;090;MANDELLO VITTA;4;0;0;0;1;0;0;5
003;091;MARANO TICINO;1;7;1;8;2;6;1;26
003;093;MASSINO VISCONTI;7;0;0;4;3;5;0;19
003;095;MEINA;5;3;2;6;8;20;2;46
003;097;MEZZOMERICO;5;3;1;4;1;5;0;19
003;098;MIASINO;5;3;0;7;3;4;0;22
003;100;MOMO;13;8;2;16;7;18;3;67
003;103;NEBBIUNO;5;5;2;13;6;11;2;44
003;104;NIBBIOLA;0;0;1;5;0;4;1;11
003;106;NOVARA;33;131;98;649;238;1013;96;2258
003;108;OLEGGIO;34;48;8;66;32;80;11;279
003;109;OLEGGIO CASTELLO;2;2;0;8;4;12;0;28
003;112;ORTA SAN GIULIO;1;0;0;19;10;8;0;38
003;114;PARUZZARO;1;12;3;15;2;19;3;55
003;115;PELLA;0;6;0;4;0;5;0;15
003;116;PETTENASCO;2;4;0;3;6;8;0;23
003;119;PISANO;0;1;2;6;2;7;0;18
003;120;POGNO;0;6;1;5;1;5;0;18
003;121;POMBIA;1;9;3;13;11;9;3;49
003;122;PRATO SESIA;2;4;3;7;7;14;1;38
003;129;RECETTO;5;1;0;4;3;7;1;21
003;130;ROMAGNANO SESIA;4;13;1;35;9;40;2;104
003;131;ROMENTINO;1;16;6;10;12;30;2;77
003;133;SAN MAURIZIO D'OPAGLIO;1;34;2;18;4;13;2;74
003;134;SAN NAZZARO SESIA;1;1;0;6;1;1;1;11
003;135;SAN PIETRO MOSEZZO;5;15;3;10;6;25;3;67
003;138;SILLAVENGO;8;0;0;1;0;3;0;12
003;139;SIZZANO;6;3;1;8;2;4;0;24
003;140;SORISO;1;1;1;3;1;3;1;11
003;141;SOZZAGO;2;2;1;3;1;5;1;15
003;143;SUNO;18;11;2;20;4;9;2;66
003;144;TERDOBBIATE;3;1;1;5;2;1;1;14
003;146;TORNACO;4;2;2;4;3;3;0;18
003;149;TRECATE;8;33;13;87;28;101;8;278
003;153;VAPRIO D'AGOGNA;6;2;0;6;2;2;1;19
003;154;VARALLO POMBIA;14;9;8;26;10;30;1;98
003;157;VERUNO;2;2;3;8;1;8;1;25
003;158;VESPOLATE;2;5;3;12;2;15;0;39
003;159;VICOLUNGO;5;1;0;6;1;8;0;21
003;164;VINZAGLIO;2;1;0;2;0;2;1;8
001;001;AGLIE';30;3;1;13;4;17;1;69
001;002;AIRASCA;4;9;3;21;3;21;7;68
001;003;ALA DI STURA;9;0;0;6;3;2;1;21
001;004;ALBIANO D'IVREA;13;0;0;12;3;9;0;37
001;005;ALICE SUPERIORE;5;1;0;7;4;2;1;20
001;006;ALMESE;5;23;6;36;5;38;9;122
001;007;ALPETTE;0;0;0;0;4;0;0;4
001;008;ALPIGNANO;11;39;17;99;22;122;20;330
001;009;ANDEZENO;6;15;2;14;3;14;1;55
001;010;ANDRATE;6;1;0;1;1;1;1;11
001;011;ANGROGNA;24;0;0;1;3;4;1;33
001;012;ARIGNANO;7;2;2;7;3;8;2;31
001;013;AVIGLIANA;7;47;18;96;19;94;5;286
001;014;AZEGLIO;13;2;0;5;3;7;2;32
001;015;BAIRO;7;1;0;6;1;4;1;20
001;016;BALANGERO;7;9;3;18;6;18;1;62
001;017;BALDISSERO CANAVESE;0;6;2;4;2;5;1;20
001;018;BALDISSERO TORINESE;21;3;1;11;2;21;3;62
001;019;BALME;2;0;0;2;4;0;0;8
001;020;BANCHETTE;2;2;2;15;6;17;2;46
001;021;BARBANIA;7;1;3;11;0;11;0;33
001;022;BARDONECCHIA;5;9;5;33;35;33;10;130
001;023;BARONE CANAVESE;5;1;0;3;0;5;1;15
001;024;BEINASCO;3;31;15;94;22;98;20;283
001;025;BIBIANA;43;7;4;22;4;20;3;103
001;026;BOBBIO PELLICE;12;0;0;2;4;2;0;20
001;027;BOLLENGO;20;6;1;14;3;16;4;64
001;028;BORGARO TORINESE;4;37;10;79;14;70;15;229
001;029;BORGIALLO;5;0;0;1;1;1;0;8
001;030;BORGOFRANCO D'IVREA;10;4;1;28;7;22;3;75
001;031;BORGOMASINO;18;0;0;5;3;1;1;28
001;032;BORGONE SUSA;5;7;3;15;3;13;0;46
001;033;BOSCONERO;7;10;3;18;3;15;1;57
001;034;BRANDIZZO;6;8;4;42;6;58;10;134
001;035;BRICHERASIO;55;11;5;24;8;24;4;131
001;036;BROSSO;5;0;0;1;2;1;0;9
001;037;BROZOLO;11;2;0;2;1;1;1;18
001;038;BRUINO;6;28;10;56;8;46;4;158
001;039;BRUSASCO;5;4;1;11;3;9;0;33
001;040;BRUZOLO;2;2;1;7;2;4;0;18
001;041;BURIASCO;15;5;1;4;3;7;2;37
001;042;BUROLO;1;6;1;8;3;14;2;35
001;043;BUSANO;2;9;2;11;1;13;0;38
001;044;BUSSOLENO;10;12;6;46;16;32;4;126
001;045;BUTTIGLIERA ALTA;1;4;6;42;12;53;5;123
001;046;CAFASSE;9;9;0;24;9;18;5;74
001;047;CALUSO;37;25;8;76;18;67;5;236
001;048;CAMBIANO;9;13;5;42;5;35;5;114
001;049;CAMPIGLIONE-FENILE;20;3;2;6;2;10;0;43
001;050;CANDIA CANAVESE;12;2;2;8;8;13;0;45
001;051;CANDIOLO;6;4;3;24;5;29;3;74
001;052;CANISCHIO;4;0;0;0;2;1;0;7
001;053;CANTALUPA;10;2;1;8;3;19;0;43
001;054;CANTOIRA;8;0;0;4;5;3;1;21
001;055;CAPRIE;7;2;2;8;3;7;2;31
001;056;CARAVINO;4;2;0;8;3;3;0;20
001;057;CAREMA;10;2;0;5;2;3;0;22
001;058;CARIGNANO;43;15;7;69;14;59;8;215
001;059;CARMAGNOLA;90;36;37;192;46;170;31;602
001;060;CASALBORGONE;30;3;1;12;1;12;0;59
001;061;CASCINETTE D'IVREA;5;3;0;4;0;11;0;23
001;062;CASELETTE;6;8;6;17;8;23;3;71
001;063;CASELLE TORINESE;29;39;26;113;30;102;18;357
001;064;CASTAGNETO PO;8;1;3;8;2;12;2;36
001;065;CASTAGNOLE PIEMONTE;11;5;1;7;2;12;1;39
001;066;CASTELLAMONTE;49;16;9;75;27;66;4;246
001;067;CASTELNUOVO NIGRA;10;1;0;5;1;2;0;19
001;068;CASTIGLIONE TORINESE;19;4;5;38;3;34;5;108
001;069;CAVAGNOLO;9;3;5;21;3;14;2;57
001;070;CAVOUR;81;18;6;39;7;34;1;186
001;071;CERCENASCO;19;5;0;12;1;10;1;48
001;072;CERES;4;1;0;10;6;4;1;26
001;073;CERESOLE REALE;1;0;0;6;14;2;0;23
001;074;CESANA TORINESE;4;1;1;12;12;12;9;51
001;075;CHIALAMBERTO;2;0;0;2;3;1;0;8
001;076;CHIANOCCO;7;2;2;6;6;5;1;29
001;077;CHIAVERANO;6;2;0;9;3;14;1;35
001;078;CHIERI;67;61;34;224;44;226;35;691
001;079;CHIESANUOVA;3;1;0;1;1;0;0;6
001;080;CHIOMONTE;3;1;2;7;5;4;0;22
001;081;CHIUSA DI SAN MICHELE;2;8;3;15;4;12;3;47
001;082;CHIVASSO;82;37;22;213;51;205;30;640
001;083;CICONIO;7;1;0;3;1;1;0;13
001;084;CINTANO;3;0;0;1;2;0;0;6
001;085;CINZANO;7;0;0;2;3;1;1;14
001;086;CIRIE';30;39;22;174;45;172;16;498
001;087;CLAVIERE;0;0;0;2;4;2;1;9
001;088;COASSOLO TORINESE;14;0;1;6;2;7;0;30
001;089;COAZZE;3;5;3;26;7;14;0;58
001;090;COLLEGNO;12;52;48;282;78;332;42;846
001;091;COLLERETTO CASTELNUOVO;4;0;0;1;3;2;1;11
001;092;COLLERETTO GIACOSA;5;3;1;4;0;6;1;20
001;093;CONDOVE;9;13;7;26;8;23;2;88
001;094;CORIO;32;6;4;23;6;17;4;92
001;095;COSSANO CANAVESE;14;0;0;3;1;2;0;20
001;096;CUCEGLIO;4;4;0;7;3;5;0;23
001;097;CUMIANA;51;12;5;42;10;34;5;159
001;098;CUORGNE';14;12;4;88;22;76;11;227
001;099;DRUENTO;7;28;11;48;9;52;4;159
001;100;EXILLES;3;0;0;2;1;0;0;6
001;101;FAVRIA;23;7;6;43;9;28;3;119
001;102;FELETTO;3;7;2;16;3;13;2;46
001;103;FENESTRELLE;4;1;0;4;3;10;1;23
001;104;FIANO;5;5;1;13;4;17;2;47
001;105;FIORANO CANAVESE;8;1;0;1;2;4;0;16
001;106;FOGLIZZO;17;1;1;21;5;9;1;55
001;107;FORNO CANAVESE;3;6;1;19;5;16;2;52
001;108;FRASSINETTO;11;0;0;0;2;0;0;13
001;109;FRONT;13;5;1;15;3;9;0;46
001;110;FROSSASCO;19;5;1;14;4;22;6;71
001;111;GARZIGLIANA;4;1;0;2;2;3;0;12
001;112;GASSINO TORINESE;21;9;6;57;11;52;13;169
001;113;GERMAGNANO;4;4;2;10;6;3;1;30
001;114;GIAGLIONE;4;0;0;1;1;0;0;6
001;115;GIAVENO;28;31;22;126;26;113;14;360
001;116;GIVOLETTO;7;13;3;24;3;26;3;79
001;117;GRAVERE;4;0;1;4;1;2;1;13
001;118;GROSCAVALLO;7;0;0;0;2;0;0;9
001;119;GROSSO;4;6;3;8;3;8;1;33
001;120;GRUGLIASCO;6;54;22;179;54;191;27;533
001;121;INGRIA;1;0;0;0;0;0;0;1
001;122;INVERSO PINASCA;2;2;0;1;3;3;0;11
001;123;ISOLABELLA;10;0;0;1;1;1;0;13
001;124;ISSIGLIO;3;0;0;4;0;1;0;8
001;125;IVREA;29;37;24;215;57;293;26;681
001;126;LA CASSA;2;1;1;8;6;8;1;27
001;127;LA LOGGIA;12;15;5;49;7;37;6;131
001;128;LANZO TORINESE;14;6;3;43;24;52;8;150
001;129;LAURIANO;7;1;2;9;4;5;0;28
001;130;LEINI';44;70;26;112;22;102;20;396
001;131;LEMIE;6;0;0;0;1;1;0;8
001;132;LESSOLO;11;8;0;17;5;14;0;55
001;133;LEVONE;0;1;0;2;0;1;0;4
001;134;LOCANA;20;0;1;18;8;6;1;54
001;135;LOMBARDORE;4;5;1;11;2;9;0;32
001;136;LOMBRIASCO;8;1;1;7;0;7;2;26
001;137;LORANZE';5;1;0;7;3;4;1;21
001;138;LUGNACCO;2;1;0;2;0;2;0;7
001;139;LUSERNA SAN GIOVANNI;22;10;1;48;15;43;8;147
001;140;LUSERNETTA;6;1;1;3;1;2;0;14
001;141;LUSIGLIE';6;0;0;7;0;1;0;14
001;142;MACELLO;12;1;2;8;0;4;1;28
001;143;MAGLIONE;11;0;0;6;1;2;0;20
001;144;MARENTINO;18;2;1;6;2;5;0;34
001;145;MASSELLO;2;1;0;0;1;0;0;4
001;146;MATHI;10;8;4;27;8;19;4;80
001;147;MATTIE;1;0;0;1;1;1;0;4
001;148;MAZZE';32;5;5;29;7;26;1;105
001;149;MEANA DI SUSA;7;1;0;5;2;4;0;19
001;150;MERCENASCO;7;3;2;9;2;7;1;31
001;151;MEUGLIANO;3;0;0;0;0;0;0;3
001;152;MEZZENILE;8;1;0;3;4;2;0;18
001;153;MOMBELLO DI TORINO;3;3;1;0;0;0;0;7
001;154;MOMPANTERO;1;0;1;4;1;0;0;7
001;155;MONASTERO DI LANZO;7;1;0;2;2;2;1;15
001;156;MONCALIERI;68;91;61;429;96;447;62;1254
001;157;MONCENISIO;3;0;0;0;2;0;0;5
001;158;MONTALDO TORINESE;7;3;0;2;1;5;1;19
001;159;MONTALENGHE;3;2;2;8;0;5;0;20
001;160;MONTALTO DORA;4;6;3;23;7;23;3;69
001;161;MONTANARO;14;9;4;34;5;29;4;99
001;162;MONTEU DA PO;3;1;1;1;1;2;0;9
001;163;MORIONDO TORINESE;10;3;0;6;1;2;0;22
001;164;NICHELINO;10;46;40;259;53;256;23;687
001;165;NOASCA;2;0;0;2;3;1;0;8
001;166;NOLE;12;12;0;44;8;36;5;117
001;167;NOMAGLIO;1;0;0;1;0;2;0;4
001;168;NONE;15;15;7;39;8;42;7;133
001;169;NOVALESA;10;0;0;2;2;1;0;15
001;170;OGLIANICO;12;4;2;8;1;5;2;34
001;171;ORBASSANO;14;38;28;136;32;175;25;448
001;172;ORIO CANAVESE;4;0;0;5;0;4;0;13
001;173;OSASCO;12;2;1;6;2;5;1;29
001;174;OSASIO;11;3;0;7;0;5;2;28
001;175;OULX;8;6;6;26;20;40;3;109
001;176;OZEGNA;8;7;1;15;1;11;0;43
001;177;PALAZZO CANAVESE;10;1;0;2;2;6;0;21
001;178;PANCALIERI;17;7;1;12;4;20;1;62
001;179;PARELLA;3;2;1;2;0;5;1;14
001;180;PAVAROLO;8;1;0;4;2;4;1;20
001;181;PAVONE CANAVESE;15;5;2;20;4;17;2;65
001;182;PECCO;0;1;0;1;0;0;0;2
001;183;PECETTO TORINESE;20;6;3;27;6;27;4;93
001;184;PEROSA ARGENTINA;2;1;0;25;11;22;5;66
001;185;PEROSA CANAVESE;5;2;1;1;0;4;0;13
001;186;PERRERO;4;0;0;2;1;2;0;9
001;187;PERTUSIO;6;0;1;4;2;5;0;18
001;188;PESSINETTO;3;2;1;9;6;5;2;28
001;189;PIANEZZA;15;29;17;90;18;107;12;288
001;190;PINASCA;5;1;1;15;4;12;3;41
001;191;PINEROLO;91;47;40;282;85;366;31;942
001;192;PINO TORINESE;15;4;1;37;13;85;23;178
001;193;PIOBESI TORINESE;21;11;7;24;4;17;1;85
001;194;PIOSSASCO;16;17;9;88;26;69;17;242
001;195;PISCINA;26;2;2;19;4;17;1;71
001;196;PIVERONE;18;0;0;7;3;8;2;38
001;197;POIRINO;73;28;14;52;14;51;8;240
001;198;POMARETTO;3;1;0;9;1;2;0;16
001;199;PONT-CANAVESE;8;10;0;27;9;22;0;76
001;200;PORTE;1;0;1;2;1;9;3;17
001;201;PRAGELATO;3;0;0;7;6;10;1;27
001;202;PRALI;7;0;0;3;2;3;0;15
001;203;PRALORMO;23;3;0;8;5;7;2;48
001;204;PRAMOLLO;3;0;0;2;0;2;0;7
001;205;PRAROSTINO;14;1;0;3;1;2;0;21
001;206;PRASCORSANO;4;1;0;2;0;2;1;10
001;207;PRATIGLIONE;2;1;1;3;0;3;0;10
001;208;QUAGLIUZZO;2;0;0;1;1;1;0;5
001;209;QUASSOLO;1;0;0;1;3;0;1;6
001;210;QUINCINETTO;7;2;1;14;6;8;1;39
001;211;REANO;5;0;1;9;1;10;1;27
001;212;RIBORDONE;0;0;0;0;1;1;0;2
001;213;RIVALBA;12;2;0;6;1;2;3;26
001;214;RIVALTA DI TORINO;23;27;14;114;21;102;14;315
001;215;RIVA PRESSO CHIERI;30;10;2;15;3;19;3;82
001;216;RIVARA;18;10;1;18;6;18;2;73
001;217;RIVAROLO CANAVESE;47;26;23;126;23;136;19;400
001;218;RIVAROSSA;8;3;1;6;3;10;2;33
001;219;RIVOLI;30;89;37;344;68;421;70;1059
001;220;ROBASSOMERO;8;9;6;18;4;28;1;74
001;221;ROCCA CANAVESE;14;1;1;12;3;8;0;39
001;222;ROLETTO;14;11;2;15;3;10;1;56
001;223;ROMANO CANAVESE;10;12;4;13;4;19;1;63
001;224;RONCO CANAVESE;1;1;0;2;1;2;0;7
001;225;RONDISSONE;8;7;4;9;4;9;3;44
001;226;RORA';5;0;0;0;0;0;0;5
001;227;ROURE;4;2;1;7;4;6;0;24
001;228;ROSTA;3;10;7;31;4;36;2;93
001;229;RUBIANA;8;5;1;12;5;11;1;43
001;230;RUEGLIO;10;0;0;5;1;1;1;18
001;231;SALASSA;5;6;1;9;3;10;1;35
001;232;SALBERTRAND;5;1;1;3;2;2;0;14
001;233;SALERANO CANAVESE;1;1;0;1;0;2;0;5
001;234;SALZA DI PINEROLO;3;0;0;0;1;0;0;4
001;235;SAMONE;2;1;1;6;2;11;0;23
001;236;SAN BENIGNO CANAVESE;11;9;7;32;10;43;0;112
001;237;SAN CARLO CANAVESE;13;10;2;20;2;20;4;71
001;238;SAN COLOMBANO BELMONTE;5;0;0;4;1;1;0;11
001;239;SAN DIDERO;0;3;2;3;0;2;0;10
001;240;SAN FRANCESCO AL CAMPO;15;8;7;28;4;32;3;97
001;241;SANGANO;3;3;1;29;2;26;0;64
001;242;SAN GERMANO CHISONE;10;0;3;6;0;9;0;28
001;243;SAN GILLIO;14;19;2;17;6;15;4;77
001;244;SAN GIORGIO CANAVESE;12;7;5;31;3;25;2;85
001;245;SAN GIORIO DI SUSA;4;0;0;5;0;3;1;13
001;246;SAN GIUSTO CANAVESE;13;8;1;26;5;21;3;77
001;247;SAN MARTINO CANAVESE;8;1;1;5;0;3;1;19
001;248;SAN MAURIZIO CANAVESE;15;15;11;61;14;52;3;171
001;249;SAN MAURO TORINESE;9;25;12;118;18;139;18;339
001;250;SAN PIETRO VAL LEMINA;10;2;1;7;3;10;1;34
001;251;SAN PONSO;7;1;0;2;1;3;0;14
001;252;SAN RAFFAELE CIMENA;14;6;6;15;1;18;0;60
001;253;SAN SEBASTIANO DA PO;23;1;4;10;4;10;1;53
001;254;SAN SECONDO DI PINEROLO;21;6;6;17;6;24;3;83
001;255;SANT'AMBROGIO DI TORINO;7;8;3;27;7;31;0;83
001;256;SANT'ANTONINO DI SUSA;3;5;3;30;8;24;4;77
001;257;SANTENA;31;22;7;52;18;62;7;199
001;258;SAUZE DI CESANA;2;0;0;0;1;2;0;5
001;259;SAUZE D'OULX;1;0;1;11;18;7;5;43
001;260;SCALENGHE;32;5;1;21;5;24;1;89
001;261;SCARMAGNO;6;1;0;5;1;7;1;21
001;262;SCIOLZE;16;0;0;7;1;5;1;30
001;263;SESTRIERE;1;0;2;18;19;22;1;63
001;264;SETTIMO ROTTARO;5;1;0;5;1;3;1;16
001;265;SETTIMO TORINESE;20;71;38;309;63;248;44;793
001;266;SETTIMO VITTONE;25;2;2;11;6;15;0;61
001;267;SPARONE;4;3;1;5;4;5;1;23
001;268;STRAMBINELLO;1;0;0;4;0;3;0;8
001;269;STRAMBINO;36;11;10;35;11;46;2;151
001;270;SUSA;11;12;5;54;25;50;10;167
001;271;TAVAGNASCO;7;0;0;2;2;6;0;17
001;272;TORINO;112;1783;1079;8510;2234;11411;2256;27385
001;273;TORRAZZA PIEMONTE;10;2;2;11;5;17;0;47
001;274;TORRE CANAVESE;1;4;0;3;2;4;0;14
001;275;TORRE PELLICE;10;10;2;52;15;38;4;131
001;276;TRANA;6;8;5;19;4;23;3;68
001;277;TRAUSELLA;3;0;0;2;1;0;0;6
001;278;TRAVERSELLA;16;0;0;4;3;1;0;24
001;279;TRAVES;1;0;2;6;1;3;0;13
001;280;TROFARELLO;19;12;5;56;17;69;6;184
001;281;USSEAUX;5;2;0;1;3;0;0;11
001;282;USSEGLIO;2;0;2;0;4;0;0;8
001;283;VAIE;3;3;1;16;3;8;0;34
001;284;VAL DELLA TORRE;13;12;9;15;6;21;2;78
001;285;VALGIOIE;0;1;0;1;2;3;1;8
001;286;VALLO TORINESE;1;2;0;1;1;0;0;5
001;287;VALPERGA;19;10;0;14;3;15;5;66
001;288;VALPRATO SOANA;2;0;0;0;1;2;0;5
001;289;VARISELLA;3;2;0;8;1;2;2;18
001;290;VAUDA CANAVESE;8;2;0;6;0;3;0;19
001;291;VENAUS;3;0;2;0;4;1;1;11
001;292;VENARIA REALE;6;42;30;216;42;181;33;550
001;293;VEROLENGO;31;2;4;32;7;19;4;99
001;294;VERRUA SAVOIA;29;3;3;3;3;6;1;48
001;295;VESTIGNE';10;1;1;8;1;3;0;24
001;296;VIALFRE';2;0;0;1;1;3;0;7
001;297;VICO CANAVESE;23;0;4;7;5;3;0;42
001;298;VIDRACCO;1;6;0;4;1;6;0;18
001;299;VIGONE;58;10;8;45;9;27;5;162
001;300;VILLAFRANCA PIEMONTE;44;9;5;34;5;30;5;132
001;301;VILLANOVA CANAVESE;6;5;2;10;0;6;0;29
001;302;VILLARBASSE;13;13;4;27;3;26;3;89
001;303;VILLAR DORA;5;4;2;18;6;21;3;59
001;304;VILLAREGGIA;6;2;1;13;0;4;0;26
001;305;VILLAR FOCCHIARDO;7;2;5;15;1;10;1;41
001;306;VILLAR PELLICE;12;0;0;6;3;4;0;25
001;307;VILLAR PEROSA;4;9;0;27;5;14;2;61
001;308;VILLASTELLONE;20;7;6;24;2;31;4;94
001;309;VINOVO;20;22;12;87;19;120;20;300
001;310;VIRLE PIEMONTE;12;2;0;8;2;3;0;27
001;311;VISCHE;27;1;0;10;1;10;0;49
001;312;VISTRORIO;3;1;0;6;3;4;1;18
001;313;VIU';21;0;0;11;6;4;1;43
001;314;VOLPIANO;34;28;16;90;23;88;18;297
001;315;VOLVERA;18;26;10;48;13;44;5;164
103;001;ANTRONA SCHIERANCO;11;0;0;4;2;0;0;17
103;002;ANZOLA D'OSSOLA;0;1;0;0;0;0;0;1
103;003;ARIZZANO;0;0;1;4;0;6;0;11
103;004;AROLA;1;1;0;0;1;0;0;3
103;005;AURANO;0;0;0;1;0;1;0;2
103;006;BACENO;6;2;0;4;7;2;0;21
103;007;BANNIO ANZINO;5;0;3;3;2;3;0;16
103;008;BAVENO;4;10;7;29;27;38;7;122
103;009;BEE;0;0;1;0;1;3;2;7
103;010;BELGIRATE;0;0;1;2;3;3;0;9
103;011;BEURA-CARDEZZA;2;1;1;5;3;2;0;14
103;012;BOGNANCO;1;0;0;2;7;2;0;12
103;013;BROVELLO-CARPUGNINO;6;1;1;3;5;2;0;18
103;014;CALASCA-CASTIGLIONE;3;0;1;2;3;0;1;10
103;015;CAMBIASCA;4;2;2;6;1;3;1;19
103;016;CANNERO RIVIERA;2;0;1;0;8;9;2;22
103;017;CANNOBIO;4;2;6;29;29;27;4;101
103;018;CAPREZZO;0;0;0;0;0;1;0;1
103;019;CASALE CORTE CERRO;1;22;3;12;2;16;3;59
103;020;CAVAGLIO-SPOCCIA;0;0;0;0;0;1;0;1
103;021;CEPPO MORELLI;2;0;0;1;2;1;1;7
103;022;CESARA;1;2;0;3;0;2;1;9
103;023;COSSOGNO;1;0;0;2;0;0;0;3
103;024;CRAVEGGIA;7;0;0;4;3;3;1;18
103;025;CREVOLADOSSOLA;10;13;3;10;7;16;1;60
103;026;CRODO;9;1;0;6;8;5;1;30
103;027;CURSOLO-ORASSO;0;0;0;1;1;0;0;2
103;028;DOMODOSSOLA;14;23;26;141;52;154;21;431
103;029;DRUOGNO;7;1;1;4;10;8;0;31
103;030;FALMENTA;1;0;0;0;0;0;0;1
103;031;FORMAZZA;3;0;0;3;6;1;0;13
103;032;GERMAGNO;0;2;0;0;0;0;0;2
103;033;GHIFFA;1;2;2;4;5;7;0;21
103;034;GIGNESE;1;0;0;6;5;10;1;23
103;035;GRAVELLONA TOCE;0;26;8;52;19;56;5;166
103;037;INTRAGNA;1;0;0;0;0;0;0;1
103;038;LOREGLIA;0;3;1;0;0;0;0;4
103;039;MACUGNAGA;1;2;0;6;14;9;0;32
103;040;MADONNA DEL SASSO;1;1;0;0;0;0;0;2
103;041;MALESCO;3;0;1;5;2;5;0;16
103;042;MASERA;8;3;0;6;1;8;0;26
103;043;MASSIOLA;1;0;0;1;0;0;0;2
103;044;MERGOZZO;11;6;0;10;8;11;2;48
103;045;MIAZZINA;0;0;0;0;2;0;0;2
103;046;MONTECRESTESE;10;1;0;5;3;5;0;24
103;047;MONTESCHENO;0;0;0;1;1;0;0;2
103;048;NONIO;3;1;0;9;2;1;1;17
103;049;OGGEBBIO;1;0;0;4;3;4;0;12
103;050;OMEGNA;2;55;17;109;50;132;11;376
103;051;ORNAVASSO;6;14;2;21;7;14;0;64
103;052;PALLANZENO;2;1;2;1;3;4;0;13
103;053;PIEDIMULERA;1;10;1;15;4;10;2;43
103;054;PIEVE VERGONTE;7;4;1;14;2;6;1;35
103;055;PREMENO;1;0;1;4;8;2;0;16
103;056;PREMIA;4;0;0;2;2;2;0;10
103;057;PREMOSELLO-CHIOVENDA;5;6;8;9;2;8;1;39
103;058;QUARNA SOPRA;0;0;0;2;0;1;0;3
103;059;QUARNA SOTTO;1;2;1;1;0;0;0;5
103;060;RE;1;0;0;5;4;1;1;12
103;061;SAN BERNARDINO VERBANO;9;2;4;3;3;4;0;25
103;062;SANTA MARIA MAGGIORE;10;4;1;19;10;12;1;57
103;064;STRESA;2;6;5;71;39;50;7;180
103;065;TOCENO;8;0;0;3;2;0;0;13
103;066;TRAREGO VIGGIONA;0;0;0;1;2;2;0;5
103;067;TRASQUERA;13;1;0;1;2;0;0;17
103;068;TRONTANO;10;5;1;2;3;3;1;25
103;069;VALSTRONA;13;5;0;5;1;1;0;25
103;070;VANZONE CON SAN CARLO;0;0;1;2;2;1;0;6
103;071;VARZO;6;1;3;15;5;8;0;38
103;072;VERBANIA;16;52;18;218;81;244;24;653
103;073;VIGANELLA;1;1;0;1;0;0;0;3
103;074;VIGNONE;2;0;1;2;0;6;0;11
103;075;VILLADOSSOLA;1;13;16;36;11;35;4;116
103;076;VILLETTE;2;0;0;1;0;0;0;3
103;077;VOGOGNA;3;4;2;12;9;4;1;35
002;002;ALAGNA VALSESIA;2;1;1;8;12;5;0;29
002;003;ALBANO VERCELLESE;0;0;1;2;0;0;1;4
002;004;ALICE CASTELLO;31;2;0;24;4;15;1;77
002;006;ARBORIO;3;1;2;9;3;8;2;28
002;007;ASIGLIANO VERCELLESE;5;1;1;5;3;4;0;19
002;009;BALOCCO;3;0;0;3;0;0;0;6
002;011;BIANZE';17;1;1;14;8;7;0;48
002;014;BOCCIOLETO;3;0;1;1;2;1;0;8
002;015;BORGO D'ALE;69;2;2;24;7;8;1;113
002;016;BORGOSESIA;7;44;11;133;33;125;11;364
002;017;BORGO VERCELLI;0;2;4;15;5;7;2;35
002;019;BREIA;2;1;0;0;1;1;0;5
002;021;BURONZO;3;1;0;6;3;5;0;18
002;025;CAMPERTOGNO;4;1;0;1;3;0;1;10
002;029;CARCOFORO;1;0;0;0;2;0;0;3
002;030;CARESANA;2;2;1;4;2;3;0;14
002;031;CARESANABLOT;1;3;3;8;3;10;2;30
002;032;CARISIO;5;0;0;7;0;2;1;15
002;033;CASANOVA ELVO;5;0;0;2;0;1;0;8
002;035;SAN GIACOMO VERCELLESE;5;1;2;3;0;3;0;14
002;038;CELLIO;1;5;0;5;3;3;0;17
002;041;CERVATTO;1;0;0;1;0;0;1;3
002;042;CIGLIANO;49;14;5;48;12;30;7;165
002;043;CIVIASCO;1;0;0;2;1;0;0;4
002;045;COLLOBIANO;1;0;0;2;1;0;0;4
002;047;COSTANZANA;2;3;0;4;1;1;0;11
002;048;CRAVAGLIANA;1;0;0;1;3;0;0;5
002;049;CRESCENTINO;14;9;5;47;15;53;9;152
002;052;CROVA;4;1;0;2;1;1;0;9
002;054;DESANA;10;0;0;4;1;6;0;21
002;057;FOBELLO;4;0;0;2;1;0;1;8
002;058;FONTANETTO PO;7;1;1;11;1;3;0;24
002;059;FORMIGLIANA;5;3;1;4;1;4;2;20
002;061;GATTINARA;11;18;7;76;18;65;9;204
002;062;GHISLARENGO;6;2;1;10;5;3;2;29
002;065;GREGGIO;1;1;1;1;1;2;0;7
002;066;GUARDABOSONE;2;2;0;1;1;1;0;7
002;067;LAMPORO;2;1;2;4;3;1;1;14
002;068;LENTA;3;9;0;6;0;4;1;23
002;070;LIGNANA;5;4;0;4;1;0;0;14
002;071;LIVORNO FERRARIS;8;10;5;38;10;24;6;101
002;072;LOZZOLO;6;3;1;5;3;8;1;27
002;078;MOLLIA;1;0;0;2;2;0;0;5
002;079;MONCRIVELLO;27;1;0;9;5;3;0;45
002;082;MOTTA DE' CONTI;1;0;0;8;0;2;0;11
002;088;OLCENENGO;3;0;0;5;0;1;0;9
002;089;OLDENICO;1;0;0;1;0;1;0;3
002;090;PALAZZOLO VERCELLESE;3;6;1;7;2;3;0;22
002;091;PERTENGO;1;0;0;3;0;1;0;5
002;093;PEZZANA;5;2;1;7;4;6;2;27
002;096;PILA;2;0;0;0;1;1;0;4
002;097;PIODE;3;0;0;0;1;1;0;5
002;102;POSTUA;2;0;0;4;3;1;0;10
002;104;PRAROLO;2;1;0;4;1;3;1;12
002;107;QUARONA;3;15;4;24;9;22;0;77
002;108;QUINTO VERCELLESE;2;2;0;3;1;2;0;10
002;110;RASSA;1;0;0;0;2;0;0;3
002;111;RIMA SAN GIUSEPPE;1;0;0;0;1;0;0;2
002;112;RIMASCO;1;0;0;1;4;0;0;6
002;113;RIMELLA;6;1;0;0;2;0;0;9
002;114;RIVA VALDOBBIA;5;0;0;4;4;0;0;13
002;115;RIVE;1;1;0;4;1;2;0;9
002;116;ROASIO;3;7;3;17;5;11;4;50
002;118;RONSECCO;5;1;0;7;2;1;0;16
002;121;ROSSA;2;0;0;0;0;1;1;4
002;122;ROVASENDA;3;6;2;5;1;4;0;21
002;126;SALASCO;1;0;0;2;1;2;0;6
002;127;SALI VERCELLESE;2;0;0;0;1;1;0;4
002;128;SALUGGIA;24;7;2;38;5;21;3;100
002;131;SAN GERMANO VERCELLESE;5;2;1;17;5;8;1;39
002;133;SANTHIA';17;12;10;82;21;76;5;223
002;134;SCOPA;0;0;0;3;0;2;1;6
002;135;SCOPELLO;6;0;0;9;5;8;0;28
002;137;SERRAVALLE SESIA;2;11;2;22;9;24;5;75
002;142;STROPPIANA;4;0;0;3;3;7;1;18
002;147;TRICERRO;3;3;1;2;2;5;1;17
002;148;TRINO;8;15;6;77;14;40;3;163
002;150;TRONZANO VERCELLESE;10;2;2;25;6;22;3;70
002;152;VALDUGGIA;2;11;3;5;3;12;2;38
002;156;VARALLO;10;20;2;66;35;47;10;190
002;158;VERCELLI;22;65;37;365;148;433;50;1120
002;163;VILLARBOIT;7;0;0;2;1;3;0;13
002;164;VILLATA;2;0;0;6;1;6;0;15
002;166;VOCCA;1;0;0;0;0;0;0;1
;;;;;;;;;;
;;;;;;;;;;
